epoch,train_loss,valid_loss,time
0,1.116090,1.156388,17:30
1,1.055537,1.071032,17:31
2,1.024212,1.030877,17:31
3,1.049723,1.027383,17:31
4,1.036904,1.003249,17:29
5,1.034824,1.061424,17:34
6,1.045721,1.036012,17:30
7,1.059407,1.045178,17:32
8,1.057254,1.028213,17:33
9,1.037951,1.022068,17:31
10,1.037041,1.009192,17:33
