epoch,train_loss,valid_loss,time
0,0.768028,0.154860,34:40
1,0.135441,0.132746,34:43
2,0.136116,0.125254,34:43
3,0.135861,0.122579,34:45
4,0.119453,0.119431,34:43
5,0.111142,0.104829,34:45
6,0.108847,0.103905,34:43
7,0.109648,0.096384,34:44
8,0.105533,0.100871,34:45
9,0.111013,0.098439,34:45
10,0.109665,0.095515,34:44
11,0.111629,0.099538,34:44
12,0.113889,0.107813,34:45
13,0.110612,0.097334,34:46
14,0.115447,15.787370,34:45
15,0.117001,0.162141,34:45
16,0.113399,98.750900,34:44
